{"cameraMode":{"drawMode":0,"name":"Shaded","section":"Shading Mode"},"sceneLighting":true,"audioPlay":false,"sceneViewState":{"showFog":true,"showMaterialUpdate":false,"showSkybox":true,"showFlares":true,"showImageEffects":true,"showParticleSystems":true},"in2DMode":false,"pivot":{"x":0.7049059867858887,"y":-9.381917953491211,"z":-2.031545639038086},"rotation":{"x":0.07430531084537506,"y":-0.025426706299185754,"z":0.0018951691454276443,"w":0.9969095587730408},"size":21.243694305419923,"orthographic":true}