{"cameraMode":{"drawMode":0,"name":"Shaded","section":"Shading Mode"},"sceneLighting":true,"audioPlay":false,"sceneViewState":{"showFog":true,"showMaterialUpdate":false,"showSkybox":true,"showFlares":true,"showImageEffects":true,"showParticleSystems":true},"in2DMode":false,"pivot":{"x":0.7049059867858887,"y":-9.381917953491211,"z":-2.031545639038086},"rotation":{"x":0.13645030558109284,"y":-0.40318185091018679,"z":0.06093481555581093,"w":0.9028359055519104},"size":19.901166915893556,"orthographic":true}