{"cameraMode":{"drawMode":0,"name":"Shaded","section":"Shading Mode"},"sceneLighting":true,"audioPlay":false,"sceneViewState":{"showFog":true,"showMaterialUpdate":false,"showSkybox":true,"showFlares":true,"showImageEffects":true,"showParticleSystems":true},"in2DMode":false,"pivot":{"x":0.7049059867858887,"y":-9.381917953491211,"z":-2.031545639038086},"rotation":{"x":0.4692113697528839,"y":-0.0013246278977021576,"z":0.0007038203184492886,"w":0.8830846548080444},"size":21.243694305419923,"orthographic":true}